a,u,t,i,s,t,i,c, ,f,e,a,t,u,r,e,s
a,u,t,i,s,t,i,c, ,b,e,h,a,v,i,o,u,r,.,i,n,d,i,v,i,d,u,a,l,s
a,u,t,i,s,t,i,c, ,b,o,y
a,u,t,i,s,t,i,c, ,m,o,l,e,-
a,u,t,i,s,t,i,c, ,B,a,s,q,u,e, ,s,a,m,p,l,e
a,u,t,i,s,t,i,c, ,t,r,a,i,t,s
a,u,t,i,s,t,i,c, ,b,e,h,a,v,i,u,o,r
a,u,t,i,s,t,i,c, ,b,e,h,a,v,i,o,u,r,.,d,e,l,a,y,a,n,d,b,e,h,a,v,i,o,r,a,l,d,i,s,o,r,d,e,r,/,A,S,D,t,r,a,i,t,s,",",a,s,s,o,c,i,a,t,e,d,w,i,t,h
a,u,t,i,s,t,i,c, ,d,i,s,-, ,i,n,g
a,u,t,i,s,t,i,c, ,r,e,g,r,e,s,s,i,o,n
a,u,t,i,s,t,i,c, ,p,a,t,i,e,n,t,â,€,™,s
a,u,t,i,s,t,i,c, ,p,h,e,n,o,t,y,p,e
a,u,t,i,s,t,i,c, ,v,a,r,i,a,n,t,s
a,u,t,i,s,t,i,c, ,R,e,s,u,l,t,s
a,u,t,i,s,t,i,c, ,t,r,a,i,t
a,u,t,i,s,t,i,c, ,f,e,a,t,u,r,e,s,",",3,5,8, ,a,g,g,r,e,s,s,i,v,e,n,e,s,s
a,u,t,i,s,t,i,c, ,b,e,h,a,v,i,o,u,r
a,u,t,i,s,t,i,c, ,b,e,h,a,v,i,o,u,r,.,8,",",9
a,u,t,i,s,t,i,c, ,s,u,b,j,e,c,t,s
a,u,t,i,s,t,i,c, ,v,a,r,i,o,m,e
a,u,t,i,s,t,i,c, ,i,m,a,g,e
a,u,t,i,s,t,i,c, ,d,i,s,o,r,d,e,r,s
a,u,t,i,s,t,i,c, ,p,o,p,u,l,a,t,i,o,n
a,u,t,i,s,t,i,c, ,g,e,n,e
a,u,t,i,s,t,i,c, ,s,p,e,c,t,r,u,m
a,u,t,i,s,t,i,c, ,s,y,n,d,r,o,m,e
a,u,t,i,s,t,i,c, ,e,t,h,n,i,c, ,p,o,p,u,l,a,t,i,o,n,s
a,u,t,i,s,t,i,c, ,g,i,r,l
a,u,t,i,s,t,i,c, ,t,r,a,i,t,s,.,n,a,l, ,f,e,a,t,u,r,e,s
a,u,t,i,s,t,i,c, ,b,e,h,a,v,i,o,r
a,u,t,i,s,t,i,c, ,p,o,p,u,l,a,t,i,o,n,s
a,u,t,i,s,t,i,c, ,i,n,d,i,-, ,v,a,r,i,a,b,i,l,i,t,y
a,u,t,i,s,t,i,c, ,p,a,t,i,e,n,t,s,â,€,™
a,u,t,i,s,t,i,c, ,g,r,o,u,p
a,u,t,i,s,t,i,c, ,m,i,c,r,o,c,e,p,h,a,l,y
a,u,t,i,s,t,i,c, ,b,r,a,i,n
a,u,t,i,s,t,i,c, ,p,a,t,i,e,n,t,s
a,u,t,i,s,t,i,c, ,c,h,i,l,d,-
a,u,t,i,s,t,i,c, ,c,a,s,e,s
a,u,t,i,s,t,i,c, ,s,y,m,p,t,o,m,s
a,u,t,i,s,t,i,c, ,p,a,t,i,e,n,t
a,u,t,i,s,t,i,c, ,s,y,n,d,r,o,m,e,s
a,u,t,i,s,t,i,c, ,b,e,h,a,-, ,d,i,s,o,r,d,e,r
a,u,t,i,s,t,i,c, ,g,r,o,u,p,s
a,u,t,i,s,t,i,c, ,b,e,h,a,v,i,o,u,r,.,1,U,n,i,v,e,r,s,i,t,y
a,u,t,i,s,t,i,c, ,u,n,r,e,l,a,t,e,d, ,p,a,t,i,e,n,t,s
a,u,t,i,s,t,i,c, ,f,e,a,t,u,r,e,s,.,f,e,e,d,i,n,g
a,u,t,i,s,t,i,c, ,v,a,l,v,e
a,u,t,i,s,t,i,c, ,f,e,a,t,u,r,e,s,.,1,P,r,Ã,¤,n,a,t,a,l
a,u,t,i,s,t,i,c, ,b,e,h,a,v,i,o,u,r,s
a,u,t,i,s,t,i,c, ,s,p,e,c,t,r,a,l, ,d,i,s,o,r,d,e,r,s
a,u,t,i,s,t,i,c, ,c,h,i,l,d
a,u,t,i,s,t,i,c, ,f,e,a,t,u,r,e,s,.,d,i,n,g,s
a,u,t,i,s,t,i,c, ,t,h,e,a,d,r,e,n,a,l,c,o,r,t,e,x
a,u,t,i,s,t,i,c, ,b,r,a,i,n,s
a,u,t,i,s,t,i,c, ,C,G,G,s
a,u,t,i,s,t,i,c, ,s,m,a,l,l, ,g,e,n,o,m,i,c, ,d,e,l,e,t,i,o,n,s
a,u,t,i,s,t,i,c, ,p,r,o,b,a,n,d,s
a,u,t,i,s,t,i,c, ,c,h,i,l,d,r,e,n
a,u,t,i,s,t,i,c, ,b,r,a,i,n,s,.,i,n,d,i,v,i,d,u,a,l,s
a,u,t,i,s,t,i,c, ,d,i,s,-
a,u,t,i,s,t,i,c, ,d,i,s,o,r,d,e,r
a,u,t,i,s,t,i,c, ,d,i,s,-, ,p,a,t,h,o,g,e,n,i,c,m,u,t,a,t,i,o,n
a,u,t,i,s,t,i,c, ,c,a,u,s,i,n,g
a,u,t,i,s,t,i,c, ,p,a,s,s,i,v,i,t,y
a,u,t,i,s,t,i,c, ,i,n,d,i,v,i,d,u,a,l,s
A,u,t,i,s,t,i,c, ,p,o,p,u,l,a,t,i,o,n
